x_m,y_m,distance_m,mean_diameter_m,cvar_diameter_m,max_diameter_m,composite_m,pareto
625.0,400.0,742.0411039827915,59.49742018472962,105.25049129788232,110.64798076930512,82.37395574130596,1
650.0,400.0,763.2168761236874,57.79895741932816,100.99717032572886,106.3264751588504,79.39806387252851,0
600.0,425.0,735.2720584926371,60.12768350747456,105.94350656412352,111.09778294237688,83.03559503579905,1
625.0,425.0,755.8108228915487,58.40797627616243,101.80521991276443,107.07335888936493,80.10659809446344,0
650.0,425.0,776.6112283504533,56.81563747206221,97.8104481410866,102.81071328336117,77.3130428065744,1
675.0,425.0,797.6528066771908,55.37524368458924,94.1372236238117,98.66208171718765,74.75623365420047,0
700.0,425.0,818.91696770796,54.07128746923779,90.69936219931158,95.39745104235945,72.38532483427468,1
550.0,450.0,710.6335201775947,62.7219691889746,110.85776126501234,115.51642194146268,86.78986522699347,1
575.0,450.0,730.1540933255117,60.875343962439075,106.73102635066498,111.46927330644372,83.80318515655202,1
600.0,450.0,750.0,59.13398353898184,102.68549334416188,107.62118267629684,80.90973844157186,1
625.0,450.0,770.1460900374682,57.51596618927664,98.81980632507648,103.51267297106284,78.16788625717656,1
650.0,450.0,790.5694150420949,56.021443090513145,95.17473938717274,99.51076101757077,75.59809123884294,1
675.0,450.0,811.2490369793976,54.66635424989983,91.80651277312208,96.62612729538505,73.23643351151095,1
700.0,450.0,832.1658488546619,53.43673302788444,88.58493710190552,93.2918038815185,71.01083506489499,1
725.0,450.0,853.3024082938006,52.346627326075236,85.40511305978974,89.96406269449781,68.8758701929325,1
500.0,475.0,689.6557112066861,65.5491706364954,115.60686877401506,119.9799752243044,90.57801970525523,1
525.0,475.0,707.9901129253147,63.57929763536627,111.60290491012906,115.96126816638991,87.59110127274766,0
550.0,475.0,726.7220926874317,61.71480250144445,107.60631020828419,112.30145530168495,84.66055635486433,1
575.0,475.0,745.8216945088149,59.962961462895464,103.63570902355498,108.27402095033902,81.79933524322522,1
600.0,475.0,765.2613932506983,58.31952605554432,99.88496651104603,104.3023915645152,79.10224628329517,1
625.0,475.0,785.0159234053791,56.795027028558685,96.28978111588124,100.4307780830712,76.54240407221997,0
650.0,475.0,805.0621094052309,55.38604463953461,92.97535701423838,97.90154677116946,74.1807008268865,1
675.0,475.0,825.3787009609589,54.101629805345766,89.81841799927446,94.44106546909109,71.96002390231011,1
700.0,475.0,845.9462157844315,52.936318460608724,86.71962491334824,91.23489731685329,69.82797168697849,1
725.0,475.0,866.7467911679859,51.8975620170572,83.6375981289614,87.68017473516012,67.7675800730093,0
750.0,475.0,887.7640452282352,51.016259195174825,80.75826750667717,84.89924440236535,65.88726335092599,1
775.0,475.0,908.9829481348921,50.27776534957803,77.88262769187806,81.70164372606934,64.08019652072804,1
475.0,500.0,689.6557112066861,66.48608932973269,116.288326327585,120.12864082584466,91.38720782865884,0
500.0,500.0,707.1067811865476,64.51736324970078,112.4183830910666,116.49384073744066,88.46787317038368,0
525.0,500.0,725.0,62.645434428155205,108.54030450098062,112.95788419258484,85.59286946456791,0
550.0,500.0,743.3034373659252,60.871004663509545,104.65705691418242,109.04349807037372,82.76403078884599,0
575.0,500.0,761.9875327064085,59.213120722341344,100.99820059634091,105.16701402733901,80.10566065934113,0
600.0,500.0,781.0249675906655,57.65969705281211,97.46658752026458,101.41188174604571,77.56314228653835,0
625.0,500.0,800.3905296791061,56.218664419314955,94.188668621139,98.35965764718027,75.20366652022697,0
650.0,500.0,820.0609733428363,54.87939509093008,91.08420076270946,95.26620717078471,72.98179792681977,0
675.0,500.0,840.0148808205721,53.65963489859177,88.05430794687945,92.17344899558815,70.85697142273561,0
700.0,500.0,860.2325267042627,52.54927214097829,85.05943157142546,89.2937486393792,68.80435185620188,0
725.0,500.0,880.6957476904269,51.5646332159329,82.17392631810937,85.95640076296644,66.86927976702114,0
750.0,500.0,901.3878188659974,50.72281295816582,79.39292403021767,83.09162943668392,65.05786849419175,1
775.0,500.0,922.2933372848358,50.02546477764412,76.66433047653325,80.25787807709868,63.344897627088685,0
800.0,500.0,943.3981132056604,49.44450195179367,73.99616320893324,77.67265357688684,61.720332580363454,0
825.0,500.0,964.6890690787369,49.00212251107974,71.35768391048023,74.87207321594701,60.17990321077998,1
425.0,525.0,675.4628043053148,69.56780550007028,120.75312622552721,124.58581003089651,95.16046586279874,0
450.0,525.0,691.4658342969666,67.50075024337559,117.04540614794945,121.0202500157981,92.27307819566252,0
475.0,525.0,707.9901129253147,65.52591136017453,113.3043847431844,117.37783000214077,89.41514805167947,0
500.0,525.0,725.0,63.64920852867563,109.53599240125828,113.6619674051902,86.59260046496695,0
525.0,525.0,742.4621202458749,61.86415262202926,105.75740001800594,110.06431598173975,83.8107763200176,0
550.0,525.0,760.3453162872775,60.17869454529214,102.15331346083079,106.09617898539878,81.16600400306146,0
575.0,525.0,778.6205751198719,58.60690585430664,98.69650697768654,102.44579579646425,78.65170641599659,0
600.0,525.0,797.2609359550987,57.13395649330525,95.44036182466536,98.88596627129331,76.2871591589853,0
625.0,525.0,816.2413858657254,55.763367675768066,92.40279169299157,96.71709263185268,74.08307968437981,0
650.0,525.0,835.5387483534201,54.48707290510103,89.41980212995078,93.60390237894433,71.95343751752591,0
675.0,525.0,855.1315688243535,53.324029630490074,86.49270467787525,90.49986265571248,69.90836715418266,0
700.0,525.0,875.0,52.26427955627052,83.6250411377445,87.42432794775519,67.94466034700751,0
725.0,525.0,895.1256894984078,51.32424212261016,80.89306394655941,84.73397105450047,66.10865303458479,0
750.0,525.0,915.4916711800278,50.523816134095,78.22460180867623,81.9070419361806,64.37420897138561,0
775.0,525.0,936.0822613424527,49.86334527318547,75.6333105785546,79.16649361390688,62.748327925870036,0
800.0,525.0,956.8829604502318,49.30343334446838,73.03835799222463,76.6285791324112,61.1708956683465,0
825.0,525.0,977.8803607803973,48.88180002076881,70.52925045231846,73.73201368458705,59.705525236543636,0
850.0,525.0,999.0620601344043,48.577800619347435,68.25560570459656,70.96030038366362,58.416703161971995,1
450.0,550.0,710.6335201775947,66.6035883146001,114.23916398964595,118.24764337771873,90.42137615212303,0
475.0,550.0,726.7220926874317,64.7159576296461,110.58655907671464,114.62491850322151,87.65125835318037,0
500.0,550.0,743.3034373659252,62.92276818364485,106.9171166864771,111.143805909475,84.91994243506097,0
525.0,550.0,760.3453162872775,61.221220624745435,103.34725129340406,107.24010806676213,82.28423595907475,0
550.0,550.0,777.8174593052023,59.61860182509447,99.9676300327473,103.52575784136238,79.79311592892088,0
575.0,550.0,795.6915231419774,58.12420647171662,96.73279040991201,100.05568313079506,77.42849844081431,0
600.0,550.0,813.9410298049853,56.72299305572791,93.75087529406632,98.18906280712018,75.23693417489712,0
625.0,550.0,832.5412902673356,55.41253383403041,90.81268710459999,95.05136205163808,73.1126104693152,0
650.0,550.0,851.46931829632,54.19343789079963,87.94416184689794,92.05371047092656,71.06879986884879,0
675.0,550.0,870.7037383633999,53.080927441986645,85.13389937047752,89.118193873688,69.10741340623208,0
700.0,550.0,890.2246907382428,52.06724256133669,82.41924035884588,86.24230779041704,67.24324146009128,0
725.0,550.0,910.0137361600648,51.16696309655113,79.76537837038465,83.24415491438091,65.46617073346789,0
750.0,550.0,930.0537618869137,50.406211721991994,77.22645779506527,80.88491245460881,63.81633475852863,0
775.0,550.0,950.3288904374107,49.77182160158033,74.71057575485372,78.18877827188432,62.241198678217025,0
800.0,550.0,970.8243919473799,49.233981267431254,72.20312485327712,75.51465562615266,60.71855306035418,0
825.0,550.0,991.526600752597,48.83417222711614,69.84005615726306,72.77507579109904,59.3371141921896,0
450.0,575.0,730.1540933255117,65.84533681997837,111.67730475414393,115.56711604300898,88.76132078706115,0
475.0,575.0,745.8216945088149,64.03794484971968,108.11805699842776,112.27457370285195,86.07800092407372,0
500.0,575.0,761.9875327064085,62.32271481106976,104.58404766976014,108.46437210367642,83.45338124041496,0
525.0,575.0,778.6205751198719,60.70078234427207,101.26514513613155,104.77352564322884,80.98296374020181,0
550.0,575.0,795.6915231419774,59.17303373113458,98.0700154660968,101.35579607399944,78.6215245986157,0
575.0,575.0,813.1727983645296,57.74852181202045,95.08959660388346,98.70699510670083,76.41905920795196,0
600.0,575.0,831.0385069297331,56.40688430476797,92.24121778207248,96.29384456593394,74.32405104342023,0
625.0,575.0,849.2643875731515,55.15244015402612,89.40003517001587,93.16247197603471,72.27623766202099,0
650.0,575.0,867.8277478854891,53.98408647480679,86.62957185404112,90.25523777559306,70.30682916442396,0
675.0,575.0,886.70739254841,52.917626553445814,83.95005317895951,87.74714994826893,68.43383986620266,0
700.0,575.0,905.883546599672,51.943921407296614,81.33714313839552,84.93540500941532,66.64053227284606,0
725.0,575.0,925.3377761660873,51.0844497407123,78.79928566654735,81.96288568535704,64.94186770362982,0
750.0,575.0,945.05290857179,50.35737746378151,76.37757527815627,79.86324696167898,63.36747637096889,0
775.0,575.0,965.0129532809391,49.743884636788714,73.90044809270984,77.28234527999228,61.82216636474928,0
800.0,575.0,985.2030247619016,49.23052641217059,71.50291091573115,74.57344366280407,60.36671866395087,0
475.0,600.0,765.2613932506983,63.47561757904782,105.87372438344939,109.72554072843698,84.6746709812486,0
500.0,600.0,781.0249675906655,61.836770764352224,102.5861222007763,106.13675837760034,82.21144648256427,0
525.0,600.0,797.2609359550987,60.287135510474215,99.42930902911732,102.78290209962262,79.85822226979576,0
550.0,600.0,813.9410298049853,58.827316031142914,96.47152965480777,99.51597711123908,77.64942284297534,0
575.0,600.0,831.0385069297331,57.463762705250275,93.6622832243382,97.69042124108998,75.56302296479424,0
600.0,600.0,848.5281374238571,56.174738239431456,90.88478729102391,94.7031117966267,73.52976276522769,0
625.0,600.0,866.3861725581728,54.97133444577983,88.13324249309075,91.88660146370648,71.5522884694353,0
650.0,600.0,884.5903006477066,53.85194130951473,85.50568678572678,89.31455792008595,69.67881404762076,0
675.0,600.0,903.1195934094221,52.82429746896236,82.9123760667563,86.62202950704982,67.86833676785932,0
700.0,600.0,921.9544457292888,51.88920169930999,80.404005273335,83.69177988067908,66.1466034863225,0
725.0,600.0,941.0765112359356,51.06630253277125,77.98304323050726,80.86163867955608,64.52467288163926,0
750.0,600.0,960.4686356149273,50.36724758541793,75.62153747067492,79.03727221357285,62.994392528046426,0
775.0,600.0,980.114789195633,49.77530975099883,73.20637237759732,76.364748721794,61.490841064298074,0
800.0,600.0,1000.0,49.2849744973029,70.9195570063288,73.84254745661944,60.10226575181585,0
500.0,625.0,800.3905296791061,61.450875953890346,100.82777448849974,104.22815243777856,81.13932522119504,0
525.0,625.0,816.2413858657254,59.96713942621648,97.8836749953907,101.01600095304384,78.9254072108036,0
550.0,625.0,832.5412902673356,58.56921822431306,95.08042523523994,98.80447067305548,76.8248217297765,0
575.0,625.0,849.2643875731515,57.256975584656345,92.37505093763814,96.25131252847521,74.81601326114725,0
600.0,625.0,866.3861725581728,56.01905512489534,89.69119728525276,93.52014111407806,72.85512620507404,0
625.0,625.0,883.8834764831844,54.861897065289824,87.03168486008498,90.5900561936254,70.9467909626874,0
650.0,625.0,901.7344398435716,53.78151781067849,84.48505744073655,88.00238506854672,69.13328762570752,0
675.0,625.0,919.9184746487049,52.79201356542103,82.00248067565005,85.41411110996907,67.39724712053554,0
700.0,625.0,938.416218956173,51.89511016676001,79.60442539761965,82.617725477729,65.74976778218983,0
725.0,625.0,957.2094859538323,51.106199400067894,77.28979202761985,80.52132672316183,64.19799571384388,0
750.0,625.0,976.2812094883318,50.42719722017548,74.92975785415953,78.25587874349262,62.67847753716751,0
775.0,625.0,995.6153875869938,49.86026657994239,72.62446827879745,75.74224025494382,61.24236742936992,0
525.0,650.0,835.5387483534201,59.7298029044778,96.53319397361625,99.44662258274296,78.13149843904702,0
550.0,650.0,851.46931829632,58.38534183339692,93.86482592014083,97.59295427761197,76.12508387676888,0
575.0,650.0,867.8277478854891,57.12072723584013,91.22419343134739,94.71831422594975,74.17246033359376,0
600.0,650.0,884.5903006477066,55.92799865658826,88.60712715788662,92.06046665505016,72.26756290723745,0
625.0,650.0,901.7344398435716,54.81301220791154,86.0688113593886,89.53474380219404,70.44091178365008,0
650.0,650.0,919.2388155425118,53.76997007009433,83.59571420208141,87.13101259823661,68.68284213608787,0
675.0,650.0,937.0832406995656,52.81732731208949,81.21933422046621,84.36629781207485,67.01833076627784,0
700.0,650.0,955.24865872714,51.95558670855918,78.92204358156386,81.69192455443161,65.43881514506151,0
725.0,650.0,973.7171047075224,51.194197051912944,76.67071584913866,79.89051968417046,63.932456450525805,0
750.0,650.0,992.4716620639604,50.53713322565275,74.35854092381582,77.6346042039592,62.44783707473429,0
550.0,675.0,870.7037383633999,58.266097127643505,92.75468144008585,96.32633734343074,75.51038928386467,0
575.0,675.0,886.70739254841,57.04769879136272,90.197717590798,93.74295327828374,73.62270819108036,0
600.0,675.0,903.1195934094221,55.895094147655215,87.65444881249414,91.14892224911594,71.77477148007468,0
625.0,675.0,919.9184746487049,54.818616353134544,85.2180442862676,88.67241025350256,70.01833031970108,0
650.0,675.0,937.0832406995656,53.81117643775496,82.82869732505249,86.10848283731059,68.31993688140372,0
675.0,675.0,954.5941546018391,52.89429531542125,80.54802559785088,83.45926839521793,66.72116045663607,0
700.0,675.0,972.4325169388362,52.06468254471403,78.3430595208046,81.37159362834673,65.20387103275931,0
725.0,675.0,990.5806378079475,51.32484523719284,76.11417589195598,79.27966692368521,63.719510564574406,0
575.0,700.0,905.883546599672,57.02828457630463,89.26834974511456,92.7622000261006,73.1483171607096,0
600.0,700.0,921.9544457292888,55.91463853501176,86.83714829793081,90.00209126479582,71.37589341647129,0
625.0,700.0,938.416218956173,54.874452314332544,84.46847963235675,87.84523621212469,69.67146597334465,0
650.0,700.0,955.24865872714,53.901555697887346,82.16855174619651,85.21987807636407,68.03505372204194,0
675.0,700.0,972.4325169388362,53.017483910072784,79.97588955507531,82.67666811717457,66.49668673257405,0
700.0,700.0,989.9494936611666,52.213904064460635,77.82148364174869,80.90578026877753,65.01769385310466,0
600.0,725.0,941.0765112359356,55.98370028254675,86.13172191665083,89.15849344408218,71.05771109959879,0
625.0,725.0,957.2094859538323,54.975337433304006,83.80578743108981,86.97465392788129,69.3905624321969,0
650.0,725.0,973.7171047075224,54.03610784144979,81.60362092364495,84.45022129220017,67.81986438254737,0
675.0,725.0,990.5806378079475,53.182237267580916,79.49210796279544,82.46261532583512,66.33717261518818,0
625.0,750.0,976.2812094883318,55.118636935195745,83.25051567961042,86.21792697973547,69.18457630740308,0
650.0,750.0,992.4716620639604,54.21052414344443,81.12388872601221,83.78668251124489,67.66720643472831,0
625.0,-400.0,742.0411039827915,59.497420184729634,105.25049129788232,110.64798076930491,82.37395574130598,0
650.0,-400.0,763.2168761236874,57.798957419328175,100.99717032572882,106.3264751588508,79.3980638725285,1
600.0,-425.0,735.2720584926371,60.127683507474586,105.94350656412357,111.0977829423771,83.03559503579908,0
625.0,-425.0,755.8108228915487,58.407976276162415,101.8052199127644,107.07335888936493,80.10659809446341,1
650.0,-425.0,776.6112283504533,56.81563747206222,97.81044814108658,102.81071328336138,77.3130428065744,0
675.0,-425.0,797.6528066771908,55.37524368458925,94.13722362381165,98.66208171718765,74.75623365420046,1
700.0,-425.0,818.91696770796,54.0712874692378,90.69936219931166,95.39745104235945,72.38532483427474,0
550.0,-450.0,710.6335201775947,62.721969188974626,110.85776126501233,115.51642194146247,86.78986522699347,0
575.0,-450.0,730.1540933255117,60.875343962439096,106.73102635066509,111.46927330644394,83.80318515655209,0
600.0,-450.0,750.0,59.133983538981845,102.68549334416188,107.62118267629684,80.90973844157186,0
625.0,-450.0,770.1460900374682,57.51596618927666,98.81980632507646,103.51267297106263,78.16788625717656,0
650.0,-450.0,790.5694150420949,56.02144309051317,95.17473938717279,99.51076101757077,75.59809123884298,0
675.0,-450.0,811.2490369793976,54.666354249899854,91.80651277312214,96.62612729538506,73.236433511511,0
700.0,-450.0,832.1658488546619,53.436733027884465,88.58493710190562,93.2918038815185,71.01083506489505,0
725.0,-450.0,853.3024082938006,52.346627326075264,85.4051130597898,89.96406269449761,68.87587019293252,0
500.0,-475.0,689.6557112066861,65.54917063649543,115.6068687740151,119.97997522430418,90.57801970525526,0
525.0,-475.0,707.9901129253147,63.57929763536629,111.60290491012907,115.96126816639033,87.59110127274768,0
550.0,-475.0,726.7220926874317,61.71480250144448,107.60631020828419,112.30145530168517,84.66055635486433,0
575.0,-475.0,745.8216945088149,59.96296146289548,103.63570902355497,108.27402095033881,81.79933524322522,0
600.0,-475.0,765.2613932506983,58.31952605554433,99.88496651104604,104.3023915645152,79.10224628329519,0
625.0,-475.0,785.0159234053791,56.79502702855869,96.2897811158813,100.4307780830714,76.54240407222,0
650.0,-475.0,805.0621094052309,55.38604463953463,92.97535701423844,97.90154677116968,74.18070082688654,0
675.0,-475.0,825.3787009609589,54.10162980534578,89.81841799927453,94.44106546909109,71.96002390231016,0
700.0,-475.0,845.9462157844315,52.93631846060874,86.7196249133483,91.2348973168531,69.82797168697851,0
725.0,-475.0,866.7467911679859,51.89756201705721,83.63759812896136,87.68017473515972,67.76758007300928,0
750.0,-475.0,887.7640452282352,51.01625919517485,80.75826750667724,84.89924440236535,65.88726335092605,0
775.0,-475.0,908.9829481348921,50.277765349578054,77.88262769187816,81.70164372606972,64.08019652072811,0
475.0,-500.0,689.6557112066861,66.48608932973274,116.28832632758505,120.12864082584508,91.38720782865889,0
500.0,-500.0,707.1067811865476,64.5173632497008,112.41838309106664,116.49384073744066,88.46787317038371,0
525.0,-500.0,725.0,62.64543442815523,108.54030450098062,112.95788419258506,85.59286946456793,0
550.0,-500.0,743.3034373659252,60.87100466350956,104.65705691418243,109.04349807037391,82.764030788846,0
575.0,-500.0,761.9875327064085,59.213120722341365,100.99820059634096,105.16701402733901,80.10566065934117,0
600.0,-500.0,781.0249675906655,57.659697052812135,97.46658752026462,101.41188174604551,77.56314228653838,0
625.0,-500.0,800.3905296791061,56.218664419314976,94.18866862113906,98.35965764718028,75.20366652022702,0
650.0,-500.0,820.0609733428363,54.8793950909301,91.08420076270953,95.2662071707847,72.98179792681981,0
675.0,-500.0,840.0148808205721,53.65963489859178,88.05430794687948,92.17344899558834,70.85697142273563,0
700.0,-500.0,860.2325267042627,52.54927214097832,85.05943157142548,89.2937486393788,68.80435185620189,0
725.0,-500.0,880.6957476904269,51.56463321593292,82.17392631810944,85.95640076296664,66.86927976702118,0
750.0,-500.0,901.3878188659974,50.72281295816582,79.39292403021767,83.09162943668392,65.05786849419175,0
775.0,-500.0,922.2933372848358,50.02546477764412,76.66433047653327,80.25787807709868,63.34489762708869,0
800.0,-500.0,943.3981132056604,49.444501951793676,73.99616320893328,77.67265357688665,61.720332580363475,0
825.0,-500.0,964.6890690787369,49.002122511079754,71.3576839104802,74.87207321594701,60.17990321077998,0
425.0,-525.0,675.4628043053148,69.5678055000703,120.75312622552728,124.58581003089628,95.16046586279879,0
450.0,-525.0,691.4658342969666,67.50075024337562,117.04540614794948,121.0202500157983,92.27307819566255,0
475.0,-525.0,707.9901129253147,65.52591136017458,113.30438474318446,117.37783000214077,89.41514805167952,0
500.0,-525.0,725.0,63.64920852867564,109.5359924012583,113.66196740519042,86.59260046496698,0
525.0,-525.0,742.4621202458749,61.86415262202928,105.75740001800594,110.06431598173975,83.81077632001761,0
550.0,-525.0,760.3453162872775,60.17869454529217,102.15331346083082,106.09617898539857,81.16600400306149,0
575.0,-525.0,778.6205751198719,58.60690585430666,98.69650697768658,102.44579579646447,78.65170641599661,0
600.0,-525.0,797.2609359550987,57.13395649330526,95.4403618246654,98.8859662712931,76.28715915898533,0
625.0,-525.0,816.2413858657254,55.763367675768095,92.40279169299163,96.71709263185247,74.08307968437987,0
650.0,-525.0,835.5387483534201,54.48707290510106,89.41980212995081,93.60390237894453,71.95343751752594,0
675.0,-525.0,855.1315688243535,53.3240296304901,86.49270467787532,90.49986265571268,69.90836715418271,0
700.0,-525.0,875.0,52.26427955627054,83.6250411377445,87.42432794775519,67.94466034700753,0
725.0,-525.0,895.1256894984078,51.32424212261017,80.8930639465594,84.73397105450047,66.10865303458479,0
750.0,-525.0,915.4916711800278,50.523816134095014,78.22460180867628,81.90704193618099,64.37420897138566,0
775.0,-525.0,936.0822613424527,49.86334527318547,75.63331057855463,79.16649361390726,62.74832792587005,0
800.0,-525.0,956.8829604502318,49.3034333444684,73.03835799222468,76.6285791324112,61.17089566834654,0
825.0,-525.0,977.8803607803973,48.88180002076882,70.52925045231848,73.73201368458705,59.70552523654365,0
850.0,-525.0,999.0620601344043,48.57780061934744,68.25560570459663,70.96030038366344,58.41670316197204,0
450.0,-550.0,710.6335201775947,66.6035883146001,114.23916398964595,118.24764337771873,90.42137615212303,0
475.0,-550.0,726.7220926874317,64.71595762964611,110.58655907671465,114.62491850322151,87.65125835318038,0
500.0,-550.0,743.3034373659252,62.92276818364486,106.91711668647709,111.143805909475,84.91994243506097,0
525.0,-550.0,760.3453162872775,61.22122062474547,103.34725129340416,107.24010806676233,82.2842359590748,0
550.0,-550.0,777.8174593052023,59.6186018250945,99.96763003274722,103.52575784136238,79.79311592892086,0
575.0,-550.0,795.6915231419774,58.124206471716654,96.73279040991207,100.05568313079506,77.42849844081437,0
600.0,-550.0,813.9410298049853,56.722993055727926,93.75087529406635,98.1890628071204,75.23693417489713,0
625.0,-550.0,832.5412902673356,55.41253383403044,90.81268710460002,95.05136205163808,73.11261046931523,0
650.0,-550.0,851.46931829632,54.19343789079966,87.94416184689801,92.05371047092677,71.06879986884883,0
675.0,-550.0,870.7037383633999,53.080927441986674,85.13389937047752,89.11819387368801,69.1074134062321,0
700.0,-550.0,890.2246907382428,52.06724256133671,82.41924035884588,86.24230779041724,67.2432414600913,0
725.0,-550.0,910.0137361600648,51.16696309655116,79.76537837038471,83.24415491438111,65.46617073346793,0
750.0,-550.0,930.0537618869137,50.40621172199201,77.22645779506531,80.88491245460881,63.81633475852866,0
775.0,-550.0,950.3288904374107,49.77182160158034,74.71057575485372,78.18877827188413,62.24119867821703,0
800.0,-550.0,970.8243919473799,49.23398126743126,72.2031248532772,75.51465562615266,60.71855306035423,0
825.0,-550.0,991.526600752597,48.83417222711617,69.84005615726312,72.77507579109904,59.337114192189645,0
450.0,-575.0,730.1540933255117,65.8453368199784,111.67730475414393,115.56711604300855,88.76132078706117,0
475.0,-575.0,745.8216945088149,64.03794484971971,108.1180569984277,112.27457370285195,86.0780009240737,0
500.0,-575.0,761.9875327064085,62.32271481106979,104.58404766976021,108.46437210367664,83.453381240415,0
525.0,-575.0,778.6205751198719,60.700782344272085,101.26514513613155,104.77352564322905,80.98296374020182,0
550.0,-575.0,795.6915231419774,59.1730337311346,98.07001546609688,101.35579607399966,78.62152459861574,0
575.0,-575.0,813.1727983645296,57.74852181202047,95.08959660388344,98.70699510670124,76.41905920795196,0
600.0,-575.0,831.0385069297331,56.406884304767985,92.24121778207252,96.29384456593394,74.32405104342025,0
625.0,-575.0,849.2643875731515,55.15244015402613,89.40003517001585,93.16247197603491,72.27623766202099,0
650.0,-575.0,867.8277478854891,53.9840864748068,86.62957185404117,90.25523777559326,70.30682916442399,0
675.0,-575.0,886.70739254841,52.91762655344583,83.95005317895956,87.74714994826891,68.4338398662027,0
700.0,-575.0,905.883546599672,51.94392140729662,81.33714313839549,84.9354050094155,66.64053227284606,0
725.0,-575.0,925.3377761660873,51.084449740712316,78.79928566654742,81.96288568535702,64.94186770362987,0
750.0,-575.0,945.05290857179,50.35737746378153,76.3775752781563,79.86324696167898,63.367476370968916,0
775.0,-575.0,965.0129532809391,49.74388463678872,73.90044809270984,77.28234527999247,61.82216636474928,0
800.0,-575.0,985.2030247619016,49.230526412170605,71.50291091573115,74.57344366280407,60.36671866395088,0
475.0,-600.0,765.2613932506983,63.475617579047835,105.87372438344939,109.72554072843698,84.67467098124861,0
500.0,-600.0,781.0249675906655,61.83677076435225,102.58612220077633,106.13675837760036,82.2114464825643,0
525.0,-600.0,797.2609359550987,60.28713551047424,99.42930902911733,102.78290209962262,79.85822226979579,0
550.0,-600.0,813.9410298049853,58.82731603114292,96.47152965480781,99.51597711123908,77.64942284297537,0
575.0,-600.0,831.0385069297331,57.46376270525028,93.66228322433828,97.69042124108978,75.56302296479429,0
600.0,-600.0,848.5281374238571,56.17473823943148,90.88478729102391,94.7031117966269,73.5297627652277,0
625.0,-600.0,866.3861725581728,54.971334445779846,88.13324249309075,91.88660146370628,71.5522884694353,0
650.0,-600.0,884.5903006477066,53.85194130951476,85.50568678572685,89.31455792008614,69.6788140476208,0
675.0,-600.0,903.1195934094221,52.82429746896237,82.91237606675631,86.62202950704982,67.86833676785935,0
700.0,-600.0,921.9544457292888,51.88920169931002,80.404005273335,83.69177988067908,66.1466034863225,0
725.0,-600.0,941.0765112359356,51.06630253277126,77.98304323050728,80.86163867955628,64.52467288163928,0
750.0,-600.0,960.4686356149273,50.36724758541794,75.62153747067494,79.03727221357285,62.99439252804644,0
775.0,-600.0,980.114789195633,49.77530975099883,73.20637237759729,76.36474872179362,61.49084106429806,0
800.0,-600.0,1000.0,49.28497449730291,70.91955700632887,73.84254745661963,60.10226575181589,0
500.0,-625.0,800.3905296791061,61.450875953890346,100.82777448849974,104.22815243777876,81.13932522119504,0
525.0,-625.0,816.2413858657254,59.967139426216505,97.88367499539082,101.01600095304384,78.92540721080366,0
550.0,-625.0,832.5412902673356,58.569218224313076,95.08042523523999,98.80447067305569,76.82482172977653,0
575.0,-625.0,849.2643875731515,57.25697558465636,92.3750509376381,96.25131252847521,74.81601326114722,0
600.0,-625.0,866.3861725581728,56.01905512489536,89.69119728525277,93.52014111407806,72.85512620507407,0
625.0,-625.0,883.8834764831844,54.861897065289845,87.03168486008506,90.5900561936256,70.94679096268746,0
650.0,-625.0,901.7344398435716,53.7815178106785,84.48505744073661,88.00238506854672,69.13328762570755,0
675.0,-625.0,919.9184746487049,52.79201356542105,82.00248067565006,85.41411110996947,67.39724712053555,0
700.0,-625.0,938.416218956173,51.895110166760034,79.60442539761972,82.61772547772881,65.74976778218988,0
725.0,-625.0,957.2094859538323,51.1061994000679,77.28979202761988,80.52132672316223,64.1979957138439,0
750.0,-625.0,976.2812094883318,50.4271972201755,74.92975785415956,78.25587874349262,62.67847753716753,0
775.0,-625.0,995.6153875869938,49.8602665799424,72.62446827879744,75.74224025494382,61.24236742936992,0
525.0,-650.0,835.5387483534201,59.72980290447782,96.53319397361633,99.44662258274298,78.13149843904708,0
550.0,-650.0,851.46931829632,58.385341833396936,93.86482592014089,97.59295427761197,76.12508387676891,0
575.0,-650.0,867.8277478854891,57.12072723584015,91.22419343134737,94.71831422594975,74.17246033359376,0
600.0,-650.0,884.5903006477066,55.92799865658827,88.60712715788664,92.06046665505015,72.26756290723745,0
625.0,-650.0,901.7344398435716,54.813012207911555,86.0688113593886,89.53474380219384,70.44091178365008,0
650.0,-650.0,919.2388155425118,53.76997007009435,83.59571420208147,87.13101259823661,68.68284213608791,0
675.0,-650.0,937.0832406995656,52.8173273120895,81.21933422046621,84.36629781207485,67.01833076627786,0
700.0,-650.0,955.24865872714,51.95558670855919,78.9220435815639,81.69192455443181,65.43881514506154,0
725.0,-650.0,973.7171047075224,51.194197051912965,76.67071584913872,79.89051968417027,63.93245645052584,0
750.0,-650.0,992.4716620639604,50.53713322565277,74.35854092381582,77.63460420395921,62.447837074734295,0
550.0,-675.0,870.7037383633999,58.26609712764352,92.75468144008586,96.32633734343054,75.5103892838647,0
575.0,-675.0,886.70739254841,57.047698791362734,90.197717590798,93.74295327828352,73.62270819108036,0
600.0,-675.0,903.1195934094221,55.89509414765523,87.65444881249421,91.14892224911634,71.77477148007472,0
625.0,-675.0,919.9184746487049,54.818616353134566,85.21804428626763,88.67241025350236,70.01833031970109,0
650.0,-675.0,937.0832406995656,53.81117643775495,82.82869732505249,86.10848283731059,68.31993688140372,0
675.0,-675.0,954.5941546018391,52.894295315421246,80.54802559785087,83.45926839521793,66.72116045663606,0
700.0,-675.0,972.4325169388362,52.06468254471405,78.34305952080462,81.37159362834691,65.20387103275934,0
725.0,-675.0,990.5806378079475,51.32484523719285,76.11417589195601,79.2796669236854,63.71951056457443,0
575.0,-700.0,905.883546599672,57.02828457630465,89.26834974511465,92.7622000261006,73.14831716070965,0
600.0,-700.0,921.9544457292888,55.914638535011775,86.8371482979308,90.00209126479582,71.37589341647129,0
625.0,-700.0,938.416218956173,54.87445231433256,84.46847963235675,87.8452362121245,69.67146597334465,0
650.0,-700.0,955.24865872714,53.90155569788736,82.16855174619653,85.21987807636427,68.03505372204194,0
675.0,-700.0,972.4325169388362,53.017483910072784,79.97588955507528,82.67666811717496,66.49668673257403,0
700.0,-700.0,989.9494936611666,52.21390406446065,77.82148364174876,80.90578026877773,65.0176938531047,0
600.0,-725.0,941.0765112359356,55.98370028254676,86.13172191665083,89.15849344408238,71.05771109959879,0
625.0,-725.0,957.2094859538323,54.975337433304034,83.80578743108983,86.97465392788148,69.39056243219693,0
650.0,-725.0,973.7171047075224,54.0361078414498,81.603620923645,84.45022129220017,67.8198643825474,0
675.0,-725.0,990.5806378079475,53.18223726758093,79.4921079627955,82.4626153258355,66.33717261518822,0
625.0,-750.0,976.2812094883318,55.11863693519577,83.25051567961046,86.21792697973567,69.18457630740312,0
650.0,-750.0,992.4716620639604,54.21052414344444,81.12388872601227,83.78668251124469,67.66720643472836,0
412.75,524.8893844410969,667.7360469519027,70.61624285066965,122.58072646188067,126.65883805255008,96.59848465627516,1
417.75,521.8850813459591,668.4901649474571,70.32123393633341,122.21413513960995,126.24507287807423,96.26768453797169,1
422.75,518.8807782508213,669.294273498719,70.02748585567062,121.84763068984881,125.83104702383324,95.93755827275972,1
427.75,515.8764751556835,670.148192655216,69.73504908352038,121.48833710992218,125.41675535867046,95.61169309672128,1
432.75,512.8721720605457,671.0517322636922,69.44388894157956,121.12957787722091,125.00219262801498,95.28673340940023,1
437.75,509.8678689654079,672.0046921735936,69.15484807893137,120.77049742984093,124.8641438163291,94.96267275438615,1
442.75,506.8635658702701,673.0068624514357,68.86593596422364,120.402049806043,124.5654340504633,94.63399288513332,1
447.75,503.8592627751323,674.0580236035321,68.57711941622762,120.02366849526246,124.13646917380356,94.30039395574504,1
452.75,500.8549596799945,675.1579468065594,68.29063236179513,119.64495958088067,123.70721872313455,93.96779597133789,1
457.75,497.8506565848567,676.3063941454146,68.00547048512581,119.26591654916555,123.34288525678335,93.63569351714568,1
462.75,494.8463534897189,677.5031188578189,67.72144366025968,118.88049997498184,123.07221001851208,93.30097181762076,1
467.75,491.8420503945811,678.7478655851123,67.43888090251798,118.48913707364224,122.62190531298938,92.96400898808011,1
472.75,488.8377472994433,680.0403706286814,67.15831415290499,118.09742274507181,122.17122376382987,92.62786844898841,1
477.75,485.8334442043055,681.3803622114583,66.87929957807869,117.70534984392351,121.7201579616122,92.2923247110011,1
482.75,482.8291411091677,682.7675607439303,66.60241280180563,117.31291104475763,121.26870031415977,91.95766192328162,1
487.75,479.8248380140299,684.2016790941032,66.32758464635306,116.92009883654387,120.8697654049991,91.62384174144847,1
492.75,476.8205349188921,685.6824228608594,66.05488527774035,116.52690551696642,120.68470013254947,91.29089539735338,1
497.75,473.8162318237543,687.2094906501668,65.78524609481772,116.13332318652208,120.49922701625175,90.95928464066989,1
502.75,470.8119287286165,688.7825743535908,65.5164465604376,115.73351777310356,120.12690711672069,90.62498216677058,1
507.75,467.80762563347866,690.4013594285811,65.24894993414526,115.33175865903647,119.70461854608902,90.29035429659086,1
512.75,464.80332253834086,692.0655251800084,64.98294788921388,114.9295878049396,119.28196863568812,89.95626784707673,1
517.75,461.79901944320306,693.7747450424408,64.71847822058561,114.52699648494655,118.85894967483394,89.62273735276608,1
522.75,458.79471634806526,695.528686862664,64.45557992600365,114.12397574357493,118.435553750234,89.28977783478929,1
527.75,455.79041325292746,697.3270131819608,64.1950080140842,113.72051638840668,118.0117727395524,88.95776220124543,1
532.75,452.78611015778966,699.1693815176849,63.936186218916866,113.31660898249278,117.58759830473254,88.62639760070482,1
537.75,449.78180706265186,701.0554446436777,63.679065711399616,112.91224383647082,117.16302188506911,88.29565477393521,1
542.75,446.77750396751406,702.9848508690937,63.42637167044026,112.50741100038279,116.73803469001513,87.96689133541153,1
547.75,443.77320087237626,704.957244315224,63.176331176531654,112.10210025517897,116.31262769171816,87.63921571585531,1
552.75,440.76889777723846,706.9722651899166,62.9296802556209,111.69630110389636,116.19563886050848,87.31299067975863,1
557.75,437.76459468210066,709.0295500592227,62.68550765075586,111.29000276249484,116.08821406563898,86.98775520662535,1
562.75,434.76029158696286,711.1287321159095,62.442274286525596,110.87283586136778,115.64904916003995,86.65755507394668,1
567.75,431.75598849182506,713.2694414445028,62.201034154926106,110.45478451746251,115.1979942622676,86.32790933619431,1
572.75,428.75168539668726,715.4513052825467,61.96187870490215,110.03618900399002,114.7463064563661,85.99903385444608,1
577.75,425.74738230154946,717.6739482777829,61.72486603027431,109.61804043498698,114.29397140007794,85.67145323263065,1
582.75,422.74307920641166,719.9369927409748,61.490056151663694,109.20079827462763,113.84097434097323,85.34542721314565,1
587.75,419.73877611127386,722.2400588941257,61.25805895207911,108.7829808414431,113.38730010213028,85.0205198967611,1
592.75,416.73447301613606,724.5827651138527,61.02962715956948,108.36457489503715,112.93293306722805,84.69710102730332,1
597.75,413.73016992099826,726.9647281697085,60.80359991260554,107.94556681487097,112.47785716501978,84.37458336373825,1
602.75,410.72586682586046,729.385563457253,60.58034848412272,107.52594258701772,112.02205585315191,84.05314553557022,1
607.75,407.72156373072266,731.8448852257053,60.360731389724144,107.10568779037547,111.56551210130382,83.73320959004981,1
612.75,404.71726063558486,734.3423068000182,60.143918664789055,106.68478758230837,111.2682541084355,83.41435312354872,1
617.75,401.71295754044706,736.8774407972421,59.929723958411344,106.26322668369188,111.11174808965019,83.09647532105161,0
622.75,398.70865444530926,739.4498993370606,59.71877968777195,105.84098936333177,110.9550375126355,82.77988452555186,0
627.75,395.70435135017146,742.0592942463965,59.51143745779489,105.41805942172768,110.79811699266877,82.46474843976128,0
632.75,392.70004825503366,744.7052372580079,59.307089898252386,104.98994852085318,110.44627416111271,82.14851920955277,1
637.75,389.69574515989586,747.3873402030077,59.10550160617917,104.56727066884014,110.0014585656923,81.83638613750965,0
642.75,386.69144206475806,750.1052151972563,58.90705264782381,104.14384831561284,109.55581588345545,81.52545048171832,0
647.75,389.20746597510225,755.6867830462303,58.441271850554706,102.88989106494695,108.08752018388698,80.66558145775083,1
652.75,392.21176907024005,761.519950032307,57.96664599034294,101.60891248401175,106.56282364081419,79.78777923717735,1
657.75,395.21607216537785,767.3531170183836,57.508712398086615,100.35570362975743,105.8076969919936,78.93220801392202,1
662.75,398.22037526051565,773.1862840044603,57.06647956977253,99.11513161446632,104.65737626700476,78.09080559211942,1
667.75,401.22467835565345,779.0194509905369,56.638735717236045,97.90097132354494,103.29552180915033,77.26985352039048,1
672.75,404.22898145079125,784.8526179766136,56.224882933087514,96.73988683749127,101.96203999821591,76.48238488528939,1
677.75,407.23328454592905,790.6857849626903,55.82436193212388,95.64084261035936,100.6563411364988,75.73260227124162,0
682.75,410.23758764106685,796.5189519487669,55.43717754771627,94.57234689505059,99.37785148856038,75.00476222138343,1
687.75,413.24189073620465,802.3521189348436,55.062926537883726,93.53460463334521,98.12601266745882,74.29876558561446,1
692.75,416.24619383134245,808.1852859209201,54.70213187011575,92.54130559636793,97.80244747056696,73.62171873324183,1
697.75,419.25049692648025,814.0184529069968,54.352259303341796,91.54040994499626,96.5537021227188,72.94633462416903,1
702.75,422.25480002161805,819.8516198930735,54.015219079138184,90.58189955087148,95.26486114611274,72.29855931500484,1
707.75,425.25910311675585,825.6847868791501,53.689227558998475,89.64768527523306,94.00600804331854,71.66845641711576,1
712.75,428.26340621189365,831.5179538652268,53.37557462076252,88.73345352780356,93.5415462653791,71.05451407428305,1
717.75,431.26770930703145,837.3511208513034,53.07292304450131,87.81724398201852,92.52125021721203,70.44508351325992,1
722.75,434.27201240216925,843.1842878373801,52.78515116789695,86.91590161863996,91.37044127883291,69.85052639326845,1
727.75,437.27631549730705,849.0174548234568,52.50900937844052,86.03500113579504,90.62604257632961,69.27200525711778,1
732.75,440.28061859244485,854.8506218095334,52.240454999524566,85.14610608074737,89.70049651217963,68.69328054013597,1
737.75,443.28492168758265,860.6837887956101,51.982341117366815,84.26176698359865,88.60227960666084,68.12205405048273,1
742.75,446.28922478272045,866.5169557816866,51.73533921882115,83.39895395029541,87.52916788056007,67.56714658455829,1
747.75,449.29352787785825,872.3501227677633,51.500133343311624,82.58068087851414,86.48060125184246,67.04040711091288,1
752.75,452.29783097299605,878.18328975384,51.27610068688291,81.78412416048027,85.45603481882262,66.5301124236816,1
757.75,455.30213406813385,884.0164567399166,51.06570251535184,81.02261085243049,84.9631322625541,66.04415668389116,1
762.75,458.3064371632717,889.8496237259933,50.86473047505883,80.27211545989122,84.42093592816487,65.56842296747503,1
767.75,461.3107402584095,895.68279071207,50.66907538304797,79.50372098167654,83.60763317640678,65.08639818236225,1
772.75,464.3150433535473,901.5159576981466,50.48023743237759,78.73412563575533,82.70396312369495,64.60718153406646,1
777.75,467.3193464486851,907.3491246842233,50.299862180162734,77.98144128401202,81.82026801492412,64.14065173208738,0
782.75,470.3236495438229,913.1822916703,50.1279819538576,77.2453290429666,80.95613447814166,63.6866554984121,1
787.75,473.3279526389607,919.0154586563766,49.966687769602515,76.52571650131387,80.11115896005003,63.24620213545819,1
792.75,476.3322557340985,924.8486256424533,49.81335164856839,75.82295014856011,79.28494737470419,62.818150898564255,1
797.75,479.3365588292363,930.6817926285299,49.66998581743606,75.13574354199918,78.96427163785452,62.40286467971762,1
802.75,482.3408619243741,936.5149596146066,49.53521479681822,74.45563844480722,78.15838197425825,61.99542662081272,1
807.75,485.3451650195119,942.3481266006831,49.40828276025463,73.77849677396418,77.52063899538291,61.5933897671094,1
812.75,488.3494681146497,948.1812935867598,49.29023109888814,73.10853735947755,76.72231188799627,61.19938422918285,1
817.75,491.3537712097875,954.0144605728365,49.18070545454335,72.45352415478008,76.21124420179851,60.81711480466171,1
822.75,494.3580743049253,959.8476275589131,49.075650511074244,71.80250886549469,75.4328864832798,60.439079688284465,0
827.75,497.3623774000631,965.6807945449898,48.97797403682829,71.17367240342341,74.6722366351902,60.075823220125855,1
832.75,500.3666804952009,971.5139615310665,48.88691424583556,70.5739381668992,73.9289347061107,59.73042620636738,1
837.75,503.3709835903387,977.3471285171431,48.803066787931584,69.9948497709941,73.20262826456806,59.39895827946284,1
842.75,506.3752866854765,983.1802955032198,48.72665799343645,69.43063659682804,72.49297215383004,59.07864729513224,1
847.75,509.3795897806143,989.0134624892964,48.65641633943332,68.8789999700579,71.79962825838724,58.76770815474561,1
852.75,512.3838928757522,994.8466294753731,48.59375658120472,68.34061261105397,71.12226528165726,58.46718459612934,1
857.0,514.9375505066192,999.8048214135382,48.547004447806245,67.89752461284354,70.55882904555038,58.22226453032489,1
412.75,525.0014661038292,667.8241549323969,70.61121033547009,122.56626991387412,126.64276929100828,96.58874012467211,1
417.75,532.5816896728167,676.8739311531745,69.85616705080936,120.88475109027259,124.74552571182939,95.37045907054097,0
422.75,540.0151634502357,685.8089670281257,69.13874446734425,119.29539798902225,123.131107127731,94.21707122818324,0
427.75,547.3076376496051,694.6335096506584,68.45515206166417,117.75786529129465,121.72834628816155,93.10650867647941,0
432.75,554.4644650578294,703.3515518656833,67.80123294302678,116.25127696741869,120.14379083336068,92.02625495522273,0
437.75,561.4906385897056,711.9668529670994,67.17663753223194,114.78327022273723,118.69919583468173,90.97995387748458,0
442.75,568.3908243859585,720.482957290559,66.57919576588037,113.35935892849288,117.25407491575073,89.96927734718662,0
447.75,575.16939108536,728.9032109556822,66.00719270171597,111.97738523180482,115.88555042662156,88.99228896676038,0
452.75,581.8304357986136,737.2307769766566,65.45920860276644,110.62619272180986,114.53546520878785,88.04270066228815,0
457.75,588.3778072277152,745.4686489303855,64.9335927582498,109.31045051484188,113.08860224258417,87.12202163654584,0
462.75,594.8151263055814,753.6196633461237,64.42945131877119,108.02880309055857,112.06070055567794,86.22912720466488,0
467.75,601.1458046738979,761.6865109590876,63.94486139883779,106.77583677375607,110.68402162625483,85.36034908629694,0
472.75,607.3730612700103,769.671746952234,63.48108766331043,105.57032752012452,109.35700899737509,84.52570759171748,0
477.75,613.4999372544506,777.5778002947453,63.03649014946128,104.42802346127321,108.07680079016784,83.73225680536724,0
482.75,619.5293094778684,785.4069822723277,62.610026361454686,103.34603220515109,106.9129439431589,82.97802928330289,0
487.75,625.4639026585747,793.1614942928678,62.20087548571445,102.30530714807212,105.7977896727601,82.25309131689329,0
492.75,631.3063004186621,800.8434350410186,61.80799329758804,101.29791306816283,104.71774851169312,81.55295318287543,0
497.75,637.0589553069908,808.4548070466491,61.43151094776167,100.32213027765916,103.67102856124149,80.87682061271042,0
502.75,642.7241979206145,815.9975227246081,61.06925014963474,99.40274370965554,102.6559632925009,80.23599692964514,0
507.75,648.30424522197,823.4734099367314,60.72036797291773,98.52982511239463,101.67100049306266,79.62509654265618,0
512.75,653.801208136965,830.8842171213478,60.38420108672155,97.68276549388935,100.71469238177131,79.03348329030545,0
517.75,659.2170985086406,838.231618030572,60.06013121103851,96.86033171222076,99.78568674843386,78.46023146162963,0
522.75,664.5538354720758,845.517216111326,59.747957534417765,96.06137122750566,99.08525153007545,77.90466438096172,0
527.75,669.8132513084348,852.7425485622119,59.44706377497927,95.2971801777136,98.9337544785511,77.37212197634643,0
532.75,674.9970968293227,859.9090900950018,59.15500715057186,94.5418926431766,98.26383091768008,76.84844989687423,0
537.75,680.1070463367754,867.0182564265488,58.87154735139991,93.80726041641556,97.51352386838671,76.33940388390774,0
542.75,685.1447021991227,874.0714075243078,58.59807500270049,93.08031002043849,96.63478647900281,75.8391925115695,0
547.75,690.111599078526,881.0698506263394,58.334987666402554,92.37244130742964,95.77958645030202,75.35371448691609,0
552.75,695.0092078421096,888.0148430546174,58.08108038214678,91.68528563146829,94.94691227718258,74.88318300680754,0
557.75,699.8389391852014,894.9075948386336,57.83574043489247,91.00725017779251,94.51704081813115,74.42149530634249,0
562.75,704.602146992204,901.7492711646755,57.597138873493705,90.33238040984847,93.69967193270509,73.9647596416711,0
567.75,709.3001314579875,908.5409946646978,57.36568798786705,89.66742290180058,93.13403770633772,73.51655544483381,0
572.75,713.9341419903636,915.2838475574213,57.140600708279194,89.00698121793262,92.37055270876213,73.0737909631059,0
577.75,718.5053799121473,921.9788736531326,56.92276308228581,88.37694302591328,91.62562090484427,72.64985305409954,0
582.75,723.0150009794879,928.6270802326244,56.7118941704006,87.7747224889103,90.89851883085483,72.24330832965545,0
587.75,727.4641177315335,935.2294398097819,56.50823189029321,87.18644379769265,90.18856173336692,71.84733784399293,0
592.75,731.8538016850503,941.7868917864917,56.31175198779067,86.61158711962635,89.4951009537477,71.4616695537085,0
597.75,736.185085386338,948.3003440077883,56.12160741070684,86.04965928642007,89.09917611616592,71.08563334856345,0
602.75,740.458964331634,954.7706742244841,55.93713092857293,85.49284131459606,88.71818724360398,70.7149861215845,0
607.75,744.676398766177,961.198731469909,55.7566295610775,84.92634537021394,88.10522289127373,70.34148746564571,0
612.75,748.8383153711801,967.5853373568385,55.58221162007807,84.37103895121558,87.47162842104173,69.97662528564683,0
617.75,752.9456088471409,973.931287300183,55.4132219443072,83.82758333609179,86.85172813323443,69.6204026401995,0
622.75,756.9991434011783,980.2373516705624,55.25016346598939,83.30577489029776,86.24504653164384,69.27796917814356,0
627.75,760.9997541454168,986.5042768834734,55.09216402919995,82.79839020325402,85.65113081841608,68.94527711622698,0
632.75,764.9482484128378,992.7327864283866,54.939550110639374,82.3014262580827,85.06954952356351,68.62048818436104,0
637.75,768.8454069964819,998.9235818417673,54.791861457352894,81.81453934248927,84.4998912340929,68.30320039992108,0
642.75,766.0759998198612,1000.0,54.59263774198392,81.44591573953244,84.0920417194646,68.01927674075819,0
647.75,761.8529631759661,1000.0,54.38328137248875,81.10713728072182,83.71795197766929,67.74520932660528,0
652.75,757.5733875341715,1000.0,54.17660492825231,80.769175446443,83.42899444615115,67.47289018734766,0
657.75,753.2363092018334,1000.0,53.971658288676366,80.43203373514649,83.23923182573866,67.20184601191143,0
662.75,748.8407290605927,1000.0,53.76886003121628,80.095716609933,83.04922788484825,66.93228832057464,0
667.75,744.3856107556084,1000.0,53.56841126865402,79.75948577952329,82.83516479584269,66.66394852408865,0
672.75,739.8698787624754,1000.0,53.36966782604643,79.41943971746817,82.47196519712342,66.3945537717573,0
677.75,735.2924163215612,1000.0,53.17236923097897,79.07944045103824,82.15893937708135,66.1259048410086,0
682.75,730.6520632284562,1000.0,52.97632243274653,78.73506493342117,81.79453476294478,65.85569368308384,0
687.75,725.9476134680793,1000.0,52.781631970083794,78.39164749386639,81.43140750818317,65.58663973197508,0
692.75,721.1778126786763,1000.0,52.58917601152217,78.0492026602847,81.06958312297381,65.31918933590345,0
697.75,716.3413554304958,1000.0,52.39945884498933,77.70774677230835,80.70908971313199,65.05360280864885,0
702.75,711.4368823022883,1000.0,52.212676926221356,77.36729813235587,80.34995819614505,64.78998752928861,0
707.75,706.4629767369271,1000.0,52.02825001135605,77.02787717235725,79.99222253953721,64.52806359185665,0
712.75,701.4181616553709,1000.0,51.84671273905238,76.68950663802948,79.79454724319382,64.26810968854093,0
717.75,696.3008958058291,1000.0,51.66712593489853,76.34379334716022,79.46819356985527,64.00545964102938,0
722.75,691.1095698223256,1000.0,51.49184625359441,75.99775334755206,79.09601129513322,63.74479980057323,0
727.75,685.8425019638255,1000.0,51.32023842093781,75.65327800533848,78.72534831341775,63.486758213138145,0
732.75,680.4979335016382,1000.0,51.15321189508147,75.31015417032107,78.35625167666753,63.23168303270127,0
737.75,675.0740237188808,1000.0,50.98991122195996,74.9682885848759,77.98877320425993,62.97909990341793,0
742.75,669.5688444812826,1000.0,50.82945783929441,74.62772493257235,77.76806846688571,62.728591385933385,0
747.75,663.9803743334587,1000.0,50.67238313376339,74.28929438447106,77.5491333736903,62.480838759117226,0
752.75,658.3064920688539,1000.0,50.518931248225115,73.94937109774331,77.18548467425393,62.23415117298421,0
757.75,652.5449697147316,1000.0,50.37190934538028,73.61144871075254,76.82348959175206,61.991679028066415,0
762.75,646.6934648656967,1000.0,50.22933627842222,73.2821054786629,76.46321800262959,61.75572087854256,0
767.75,640.7495122900992,1000.0,50.08966359370363,72.95436819037977,76.10474702485965,61.52201589204169,0
772.75,634.7105147230508,1000.0,49.953051878059625,72.62831619245917,75.74816180844229,61.290684035259396,0
777.75,628.5737327474001,1000.0,49.81967575682409,72.30626822074045,75.39355643137553,61.062971988782266,0
782.75,622.336273649544,1000.0,49.691047819333704,71.99100994030331,75.04103491778572,60.84102887981851,0
787.75,615.9950791199553,1000.0,49.5672618952267,71.67775797851246,74.69071239801289,60.62250993686958,0
792.75,609.546911648316,1000.0,49.447552206054425,71.36663308801506,74.34271643416149,60.407092647034744,0
797.75,602.9883394394953,1000.0,49.33404434375968,71.05776913806302,73.99718853921499,60.195906740911354,0
802.75,596.3157196485768,1000.0,49.22706786982878,70.75131475948233,73.65428592337831,59.98919131465556,0
807.75,589.5251796997309,1000.0,49.12723103212139,70.45054040747323,73.31418350817398,59.78888571979731,0
812.75,582.6125964137748,1000.0,49.03484638130935,70.1595854512871,72.99856226083888,59.597215916298225,0
817.75,575.5735726212592,1000.0,48.94943079598929,69.87962145814737,72.69912813692942,59.41452612706833,0
822.75,568.4034108799841,1000.0,48.87000192261752,69.60374374536997,72.40430672799975,59.23687283399374,0
827.75,561.0970838455677,1000.0,48.79774412653451,69.33436415158269,72.11447605798531,59.0660541390586,0
832.75,553.6492007580251,1000.0,48.73235003901455,69.06952900401795,71.83006071801799,58.90093952151625,0
837.75,546.0539694022926,1000.0,48.67510458667415,68.80868336480788,71.5515389847018,58.741893975741014,0
842.75,538.3051527711768,1000.0,48.627028805754634,68.55962824697853,71.2794512829531,58.593328526366584,0
847.75,530.3960194986383,1000.0,48.587723646760566,68.31771970258734,71.01441029918084,58.45272167467395,0
852.75,522.3192869308963,1000.0,48.559565987114595,68.08291334307816,70.75711313274998,58.32123966509638,0
857.0,515.3164076564999,1000.0,48.54563482528556,67.88784508231073,70.54509068209552,58.21673995379815,0
412.75,-524.8893844410969,667.7360469519027,70.61624285066968,122.58072646188077,126.65883805255008,96.59848465627522,0
417.75,-521.8850813459591,668.4901649474571,70.32123393633344,122.21413513961008,126.24507287807423,96.26768453797176,0
422.75,-518.8807782508213,669.294273498719,70.02748585567066,121.84763068984888,125.83104702383346,95.93755827275977,0
427.75,-515.8764751556835,670.148192655216,69.73504908352041,121.48833710992224,125.41675535867024,95.61169309672132,0
432.75,-512.8721720605457,671.0517322636922,69.44388894157959,121.12957787722094,125.00219262801477,95.28673340940026,0
437.75,-509.8678689654079,672.0046921735936,69.1548480789314,120.770497429841,124.8641438163291,94.9626727543862,0
442.75,-506.8635658702701,673.0068624514357,68.86593596422367,120.40204980604304,124.56543405046331,94.63399288513335,0
447.75,-503.8592627751323,674.0580236035321,68.57711941622765,120.02366849526246,124.13646917380356,94.30039395574505,0
452.75,-500.8549596799945,675.1579468065594,68.29063236179516,119.64495958088071,123.70721872313455,93.96779597133794,0
457.75,-497.8506565848567,676.3063941454146,68.00547048512584,119.26591654916555,123.34288525678356,93.6356935171457,0
462.75,-494.8463534897189,677.5031188578189,67.72144366025972,118.88049997498196,123.07221001851187,93.30097181762085,0
467.75,-491.8420503945811,678.7478655851123,67.43888090251801,118.48913707364227,122.62190531298958,92.96400898808014,0
472.75,-488.8377472994433,680.0403706286814,67.158314152905,118.09742274507182,122.17122376382964,92.62786844898841,0
477.75,-485.8334442043055,681.3803622114583,66.8792995780787,117.7053498439235,121.72015796161197,92.2923247110011,0
482.75,-482.8291411091677,682.7675607439303,66.60241280180566,117.31291104475763,121.26870031415977,91.95766192328165,0
487.75,-479.8248380140299,684.2016790941032,66.32758464635307,116.9200988365439,120.86976540499931,91.62384174144849,0
492.75,-476.8205349188921,685.6824228608594,66.0548852777404,116.52690551696648,120.68470013254989,91.29089539735344,0
497.75,-473.8162318237543,687.2094906501668,65.78524609481777,116.13332318652218,120.49922701625175,90.95928464066998,0
502.75,-470.8119287286165,688.7825743535908,65.51644656043761,115.73351777310359,120.12690711672069,90.6249821667706,0
507.75,-467.80762563347866,690.4013594285811,65.24894993414526,115.33175865903647,119.70461854608902,90.29035429659086,0
512.75,-464.80332253834086,692.0655251800084,64.98294788921388,114.9295878049396,119.2819686356879,89.95626784707673,0
517.75,-461.79901944320306,693.7747450424408,64.71847822058565,114.5269964849466,118.85894967483372,89.62273735276612,0
522.75,-458.79471634806526,695.528686862664,64.45557992600368,114.12397574357496,118.435553750234,89.28977783478932,0
527.75,-455.79041325292746,697.3270131819608,64.19500801408421,113.7205163884067,118.01177273955261,88.95776220124546,0
532.75,-452.78611015778966,699.1693815176849,63.93618621891689,113.31660898249281,117.58759830473296,88.62639760070485,0
537.75,-449.78180706265186,701.0554446436777,63.679065711399645,112.91224383647085,117.16302188506911,88.29565477393524,0
542.75,-446.77750396751406,702.9848508690937,63.42637167044027,112.50741100038279,116.73803469001513,87.96689133541153,0
547.75,-443.77320087237626,704.957244315224,63.176331176531676,112.10210025517898,116.31262769171794,87.63921571585533,0
552.75,-440.76889777723846,706.9722651899166,62.92968025562093,111.69630110389639,116.1956388605087,87.31299067975866,0
557.75,-437.76459468210066,709.0295500592227,62.685507650755895,111.29000276249488,116.08821406563919,86.9877552066254,0
562.75,-434.76029158696286,711.1287321159095,62.44227428652562,110.8728358613678,115.64904916003995,86.65755507394671,0
567.75,-431.75598849182506,713.2694414445028,62.201034154926134,110.45478451746253,115.1979942622676,86.32790933619432,0
572.75,-428.75168539668726,715.4513052825467,61.961878704902176,110.03618900399003,114.74630645636589,85.99903385444611,0
577.75,-425.74738230154946,717.6739482777829,61.72486603027433,109.61804043498698,114.29397140007794,85.67145323263065,0
582.75,-422.74307920641166,719.9369927409748,61.49005615166373,109.20079827462774,113.84097434097325,85.34542721314574,0
587.75,-419.73877611127386,722.2400588941257,61.25805895207914,108.78298084144308,113.38730010213007,85.0205198967611,0
592.75,-416.73447301613606,724.5827651138527,61.02962715956951,108.36457489503725,112.93293306722805,84.69710102730338,0
597.75,-413.73016992099826,726.9647281697085,60.80359991260558,107.94556681487097,112.47785716501978,84.37458336373828,0
602.75,-410.72586682586046,729.385563457253,60.58034848412274,107.52594258701775,112.0220558531517,84.05314553557025,0
607.75,-407.72156373072266,731.8448852257053,60.36073138972415,107.10568779037547,111.56551210130382,83.73320959004981,0
612.75,-404.71726063558486,734.3423068000182,60.14391866478909,106.68478758230837,111.26825410843593,83.41435312354874,0
617.75,-401.71295754044706,736.8774407972421,59.92972395841139,106.26322668369188,111.11174808965019,83.09647532105163,0
622.75,-398.70865444530926,739.4498993370606,59.71877968777197,105.84098936333173,110.95503751263551,82.77988452555185,1
627.75,-395.70435135017146,742.0592942463965,59.51143745779491,105.41805942172775,110.79811699266898,82.46474843976134,0
632.75,-392.70004825503366,744.7052372580079,59.3070898982524,104.98994852085315,110.44627416111291,82.14851920955277,0
637.75,-389.69574515989586,747.3873402030077,59.1055016061792,104.56727066884018,110.00145856569252,81.83638613750969,0
642.75,-386.69144206475806,750.1052151972563,58.90705264782383,104.14384831561283,109.55581588345545,81.52545048171834,0
647.75,-389.20746597510225,755.6867830462303,58.441271850554735,102.889891064947,108.08752018388677,80.66558145775086,0
652.75,-392.21176907024005,761.519950032307,57.96664599034297,101.60891248401178,106.56282364081399,79.78777923717738,0
657.75,-395.21607216537785,767.3531170183836,57.50871239808663,100.35570362975746,105.80769699199381,78.93220801392204,0
662.75,-398.22037526051565,773.1862840044603,57.066479569772554,99.11513161446632,104.65737626700476,78.09080559211944,0
667.75,-401.22467835565345,779.0194509905369,56.63873571723607,97.90097132354495,103.29552180915013,77.26985352039051,0
672.75,-404.22898145079125,784.8526179766136,56.22488293308753,96.73988683749127,101.96203999821613,76.4823848852894,0
677.75,-407.23328454592905,790.6857849626903,55.82436193212389,95.64084261035937,100.656341136499,75.73260227124163,0
682.75,-410.23758764106685,796.5189519487669,55.4371775477163,94.5723468950507,99.37785148856038,75.0047622213835,0
687.75,-413.24189073620465,802.3521189348436,55.06292653788375,93.53460463334525,98.12601266745861,74.2987655856145,0
692.75,-416.24619383134245,808.1852859209201,54.702131870115764,92.54130559636793,97.80244747056716,73.62171873324185,0
697.75,-419.25049692648025,814.0184529069968,54.35225930334182,91.54040994499626,96.55370212271879,72.94633462416904,0
702.75,-422.25480002161805,819.8516198930735,54.015219079138205,90.58189955087151,95.26486114611275,72.29855931500487,0
707.75,-425.25910311675585,825.6847868791501,53.689227558998496,89.64768527523306,94.00600804331874,71.66845641711578,0
712.75,-428.26340621189365,831.5179538652268,53.37557462076255,88.73345352780363,93.5415462653793,71.05451407428309,0
717.75,-431.26770930703145,837.3511208513034,53.07292304450132,87.81724398201851,92.52125021721181,70.44508351325992,0
722.75,-434.27201240216925,843.1842878373801,52.785151167896956,86.91590161863999,91.37044127883291,69.85052639326847,0
727.75,-437.27631549730705,849.0174548234568,52.50900937844054,86.03500113579511,90.62604257632981,69.27200525711783,0
732.75,-440.28061859244485,854.8506218095334,52.24045499952459,85.14610608074742,89.70049651217963,68.693280540136,0
737.75,-443.28492168758265,860.6837887956101,51.98234111736683,84.26176698359865,88.60227960666064,68.12205405048275,0
742.75,-446.28922478272045,866.5169557816866,51.735339218821174,83.39895395029549,87.52916788056007,67.56714658455833,0
747.75,-449.29352787785825,872.3501227677633,51.50013334331164,82.5806808785142,86.48060125184246,67.04040711091292,0
752.75,-452.29783097299605,878.18328975384,51.27610068688292,81.7841241604803,85.45603481882242,66.53011242368162,0
757.75,-455.30213406813385,884.0164567399166,51.06570251535185,81.02261085243056,84.9631322625543,66.0441566838912,0
762.75,-458.3064371632717,889.8496237259933,50.86473047505885,80.27211545989131,84.42093592816487,65.56842296747507,0
767.75,-461.3107402584095,895.68279071207,50.66907538304798,79.50372098167658,83.60763317640678,65.08639818236227,0
772.75,-464.3150433535473,901.5159576981466,50.48023743237761,78.73412563575539,82.70396312369515,64.6071815340665,0
777.75,-467.3193464486851,907.3491246842233,50.299862180162734,77.98144128401199,81.82026801492374,64.14065173208736,1
782.75,-470.3236495438229,913.1822916703,50.12798195385761,77.24532904296665,80.95613447814148,63.68665549841213,0
787.75,-473.3279526389607,919.0154586563766,49.966687769602544,76.52571650131391,80.11115896005022,63.246202135458226,0
792.75,-476.3322557340985,924.8486256424533,49.8133516485684,75.82295014856011,79.28494737470439,62.818150898564255,0
797.75,-479.3365588292363,930.6817926285299,49.669985817436064,75.13574354199919,78.96427163785472,62.402864679717624,0
802.75,-482.3408619243741,936.5149596146066,49.535214796818224,74.45563844480722,78.15838197425825,61.99542662081272,0
807.75,-485.3451650195119,942.3481266006831,49.408282760254636,73.77849677396425,77.52063899538273,61.59338976710944,0
812.75,-488.3494681146497,948.1812935867598,49.29023109888817,73.10853735947761,76.72231188799627,61.19938422918289,0
817.75,-491.3537712097875,954.0144605728365,49.18070545454337,72.45352415478013,76.21124420179869,60.81711480466175,0
822.75,-494.3580743049253,959.8476275589131,49.07565051107426,71.80250886549466,75.43288648327999,60.43907968828446,1
827.75,-497.3623774000631,965.6807945449898,48.977974036828314,71.17367240342347,74.67223663519057,60.07582322012589,0
832.75,-500.3666804952009,971.5139615310665,48.88691424583557,70.57393816689925,73.9289347061107,59.73042620636741,0
837.75,-503.3709835903387,977.3471285171431,48.8030667879316,69.99484977099412,73.20262826456806,59.39895827946286,0
842.75,-506.3752866854765,983.1802955032198,48.726657993436454,69.43063659682805,72.49297215382985,59.07864729513226,0
847.75,-509.3795897806143,989.0134624892964,48.656416339433335,68.87899997005796,71.79962825838744,58.76770815474565,0
852.75,-512.3838928757522,994.8466294753731,48.59375658120474,68.34061261105403,71.12226528165745,58.467184596129385,0
857.0,-514.9375505066192,999.8048214135382,48.54700444780626,67.89752461284358,70.55882904555038,58.22226453032492,0
412.75,-525.0014661038292,667.8241549323969,70.61121033547012,122.56626991387418,126.64276929100828,96.58874012467214,0
417.75,-532.5816896728167,676.8739311531745,69.85616705080939,120.88475109027273,124.74552571182917,95.37045907054106,0
422.75,-540.0151634502357,685.8089670281257,69.13874446734428,119.29539798902235,123.13110712773121,94.21707122818331,0
427.75,-547.3076376496051,694.6335096506584,68.45515206166418,117.75786529129472,121.72834628816155,93.10650867647945,0
432.75,-554.4644650578294,703.3515518656833,67.8012329430268,116.25127696741869,120.14379083336068,92.02625495522275,0
437.75,-561.4906385897056,711.9668529670994,67.17663753223195,114.78327022273733,118.69919583468153,90.97995387748463,0
442.75,-568.3908243859585,720.482957290559,66.57919576588041,113.35935892849298,117.25407491575137,89.9692773471867,0
447.75,-575.16939108536,728.9032109556822,66.007192701716,111.97738523180486,115.88555042662156,88.99228896676043,0
452.75,-581.8304357986136,737.2307769766566,65.45920860276645,110.62619272180982,114.53546520878766,88.04270066228813,0
457.75,-588.3778072277152,745.4686489303855,64.93359275824983,109.31045051484183,113.08860224258417,87.12202163654584,0
462.75,-594.8151263055814,753.6196633461237,64.42945131877121,108.02880309055861,112.06070055567794,86.2291272046649,0
467.75,-601.1458046738979,761.6865109590876,63.944861398837816,106.775836773756,110.68402162625483,85.3603490862969,0
472.75,-607.3730612700103,769.671746952234,63.48108766331045,105.57032752012452,109.35700899737552,84.52570759171749,0
477.75,-613.4999372544506,777.5778002947453,63.03649014946129,104.42802346127327,108.07680079016784,83.73225680536729,0
482.75,-619.5293094778684,785.4069822723277,62.6100263614547,103.34603220515105,106.9129439431591,82.97802928330287,0
487.75,-625.4639026585747,793.1614942928678,62.200875485714455,102.30530714807212,105.79778967275989,82.25309131689329,0
492.75,-631.3063004186621,800.8434350410186,61.807993297588055,101.29791306816286,104.71774851169332,81.55295318287546,0
497.75,-637.0589553069908,808.4548070466491,61.43151094776168,100.3221302776591,103.67102856124127,80.87682061271039,0
502.75,-642.7241979206145,815.9975227246081,61.069250149634755,99.40274370965565,102.6559632925009,80.23599692964521,0
507.75,-648.30424522197,823.4734099367314,60.72036797291776,98.52982511239466,101.67100049306245,79.62509654265621,0
512.75,-653.801208136965,830.8842171213478,60.38420108672157,97.68276549388932,100.71469238177131,79.03348329030544,0
517.75,-659.2170985086406,838.231618030572,60.06013121103854,96.86033171222074,99.78568674843366,78.46023146162963,0
522.75,-664.5538354720758,845.517216111326,59.747957534417786,96.06137122750573,99.08525153007587,77.90466438096176,0
527.75,-669.8132513084348,852.7425485622119,59.4470637749793,95.2971801777137,98.9337544785515,77.3721219763465,0
532.75,-674.9970968293227,859.9090900950018,59.15500715057188,94.54189264317667,98.26383091768008,76.84844989687427,0
537.75,-680.1070463367754,867.0182564265488,58.87154735139993,93.80726041641556,97.51352386838671,76.33940388390775,0
542.75,-685.1447021991227,874.0714075243078,58.59807500270051,93.08031002043847,96.63478647900241,75.8391925115695,0
547.75,-690.111599078526,881.0698506263394,58.334987666402576,92.37244130742971,95.7795864503018,75.35371448691615,0
552.75,-695.0092078421096,888.0148430546174,58.08108038214681,91.68528563146836,94.94691227718258,74.88318300680758,0
557.75,-699.8389391852014,894.9075948386336,57.83574043489249,91.00725017779256,94.51704081813115,74.42149530634252,0
562.75,-704.602146992204,901.7492711646755,57.59713887349372,90.33238040984847,93.69967193270509,73.9647596416711,0
567.75,-709.3001314579875,908.5409946646978,57.36568798786706,89.66742290180058,93.13403770633772,73.51655544483381,0
572.75,-713.9341419903636,915.2838475574213,57.14060070827921,89.00698121793256,92.37055270876235,73.07379096310589,0
577.75,-718.5053799121473,921.9788736531326,56.922763082285826,88.3769430259133,91.62562090484427,72.64985305409957,0
582.75,-723.0150009794879,928.6270802326244,56.7118941704006,87.77472248891034,90.89851883085483,72.24330832965546,0
587.75,-727.4641177315335,935.2294398097819,56.50823189029322,87.18644379769268,90.18856173336673,71.84733784399295,0
592.75,-731.8538016850503,941.7868917864917,56.31175198779069,86.61158711962636,89.49510095374748,71.46166955370853,0
597.75,-736.185085386338,948.3003440077883,56.12160741070686,86.0496592864201,89.09917611616612,71.08563334856348,0
602.75,-740.458964331634,954.7706742244841,55.937130928572955,85.49284131459608,88.71818724360438,70.71498612158452,0
607.75,-744.676398766177,961.198731469909,55.75662956107752,84.92634537021394,88.10522289127393,70.34148746564573,0
612.75,-748.8383153711801,967.5853373568385,55.58221162007809,84.3710389512156,87.47162842104153,69.97662528564685,0
617.75,-752.9456088471409,973.931287300183,55.41322194430721,83.82758333609176,86.85172813323423,69.62040264019949,0
622.75,-756.9991434011783,980.2373516705624,55.25016346598942,83.30577489029776,86.24504653164384,69.2779691781436,0
627.75,-760.9997541454168,986.5042768834734,55.092164029199964,82.79839020325402,85.65113081841588,68.94527711622699,0
632.75,-764.9482484128378,992.7327864283866,54.939550110639374,82.30142625808267,85.06954952356351,68.62048818436102,0
637.75,-768.8454069964819,998.9235818417673,54.79186145735291,81.81453934248927,84.4998912340927,68.30320039992108,0
642.75,-766.0759998198612,1000.0,54.592637741983935,81.44591573953247,84.0920417194646,68.0192767407582,0
647.75,-761.8529631759661,1000.0,54.38328137248877,81.10713728072186,83.71795197766909,67.7452093266053,0
652.75,-757.5733875341715,1000.0,54.17660492825233,80.76917544644301,83.42899444615155,67.47289018734767,0
657.75,-753.2363092018334,1000.0,53.971658288676394,80.43203373514655,83.23923182573886,67.20184601191147,0
662.75,-748.8407290605927,1000.0,53.768860031216306,80.09571660993304,83.04922788484845,66.93228832057467,0
667.75,-744.3856107556084,1000.0,53.568411268654046,79.75948577952329,82.83516479584249,66.66394852408867,0
672.75,-739.8698787624754,1000.0,53.36966782604644,79.41943971746815,82.47196519712342,66.3945537717573,0
677.75,-735.2924163215612,1000.0,53.172369230979,79.07944045103825,82.15893937708135,66.12590484100863,0
682.75,-730.6520632284562,1000.0,52.976322432746535,78.73506493342116,81.79453476294479,65.85569368308384,0
687.75,-725.9476134680793,1000.0,52.781631970083815,78.3916474938664,81.43140750818299,65.58663973197511,0
692.75,-721.1778126786763,1000.0,52.58917601152219,78.04920266028476,81.06958312297381,65.31918933590347,0
697.75,-716.3413554304958,1000.0,52.39945884498934,77.70774677230834,80.70908971313199,65.05360280864883,0
702.75,-711.4368823022883,1000.0,52.21267692622136,77.36729813235586,80.34995819614487,64.78998752928861,0
707.75,-706.4629767369271,1000.0,52.02825001135605,77.02787717235725,79.99222253953721,64.52806359185665,0
712.75,-701.4181616553709,1000.0,51.84671273905239,76.68950663802951,79.79454724319402,64.26810968854096,0
717.75,-696.3008958058291,1000.0,51.66712593489854,76.34379334716024,79.46819356985527,64.00545964102939,0
722.75,-691.1095698223256,1000.0,51.49184625359443,75.99775334755209,79.09601129513341,63.74479980057326,0
727.75,-685.8425019638255,1000.0,51.32023842093782,75.65327800533845,78.72534831341794,63.48675821313813,0
732.75,-680.4979335016382,1000.0,51.15321189508147,75.31015417032104,78.35625167666772,63.231683032701255,0
737.75,-675.0740237188808,1000.0,50.989911221959964,74.96828858487596,77.98877320425993,62.97909990341796,0
742.75,-669.5688444812826,1000.0,50.82945783929442,74.62772493257229,77.7680684668859,62.728591385933356,0
747.75,-663.9803743334587,1000.0,50.672383133763404,74.28929438447106,77.54913337369048,62.48083875911723,0
752.75,-658.3064920688539,1000.0,50.51893124822513,73.94937109774327,77.18548467425374,62.2341511729842,0
757.75,-652.5449697147316,1000.0,50.371909345380296,73.6114487107526,76.82348959175226,61.99167902806644,0
762.75,-646.6934648656967,1000.0,50.229336278422224,73.28210547866291,76.46321800262977,61.75572087854257,0
767.75,-640.7495122900992,1000.0,50.089663593703634,72.9543681903798,76.10474702485965,61.522015892041715,0
772.75,-634.7105147230508,1000.0,49.95305187805964,72.62831619245917,75.74816180844249,61.2906840352594,0
777.75,-628.5737327474001,1000.0,49.81967575682411,72.30626822074046,75.39355643137534,61.06297198878229,0
782.75,-622.336273649544,1000.0,49.69104781933371,71.9910099403033,75.0410349177859,60.84102887981851,0
787.75,-615.9950791199553,1000.0,49.56726189522671,71.67775797851246,74.69071239801288,60.622509936869584,0
792.75,-609.546911648316,1000.0,49.44755220605444,71.36663308801506,74.3427164341613,60.40709264703475,0
797.75,-602.9883394394953,1000.0,49.33404434375968,71.05776913806302,73.99718853921499,60.195906740911354,0
802.75,-596.3157196485768,1000.0,49.227067869828794,70.75131475948234,73.6542859233785,59.98919131465557,0
807.75,-589.5251796997309,1000.0,49.127231032121394,70.45054040747324,73.31418350817398,59.78888571979732,0
812.75,-582.6125964137748,1000.0,49.034846381309364,70.1595854512871,72.99856226083907,59.59721591629823,0
817.75,-575.5735726212592,1000.0,48.949430795989315,69.87962145814743,72.69912813692923,59.41452612706837,0
822.75,-568.4034108799841,1000.0,48.870001922617526,69.60374374537,72.40430672799957,59.23687283399376,0
827.75,-561.0970838455677,1000.0,48.797744126534525,69.33436415158275,72.11447605798513,59.066054139058636,0
832.75,-553.6492007580251,1000.0,48.73235003901455,69.06952900401798,71.83006071801782,58.900939521516264,0
837.75,-546.0539694022926,1000.0,48.67510458667417,68.8086833648079,71.55153898470199,58.741893975741036,0
842.75,-538.3051527711768,1000.0,48.627028805754634,68.55962824697853,71.2794512829531,58.593328526366584,0
847.75,-530.3960194986383,1000.0,48.58772364676057,68.31771970258738,71.01441029918102,58.45272167467398,0
852.75,-522.3192869308963,1000.0,48.5595659871146,68.08291334307818,70.7571131327498,58.321239665096385,0
857.0,-515.3164076564999,1000.0,48.545634825285575,67.88784508231075,70.54509068209552,58.21673995379816,0
412.6974324629177,524.920970203969,667.7283846904822,70.61934932187131,122.58457898454557,126.66318680898792,96.60196415320844,1
412.6974324629177,-524.920970203969,667.7283846904822,70.61934932187134,122.58457898454562,126.66318680898792,96.60196415320848,0
857.1673007021122,515.0380749100543,1000.0,48.5452497721317,67.88025657818903,70.53687811987724,58.212753175160366,1
857.1673007021122,-515.0380749100543,1000.0,48.54524977213171,67.88025657818908,70.53687811987706,58.212753175160394,0
